Keyword,Related Query,Value
Shirts,mens shirts,100
Shirts,long sleeve shirts,74
Shirts,men shirts,71
Shirts,polo shirts,59
Shirts,dress shirts,57
Shirts,tee shirts,44
Shirts,custom shirts,43
Shirts,womens shirts,40
Shirts,shirts for men,38
Shirts,white shirts,38
Tops,womens tops,100
Tops,high tops,99
Tops,tops women,92
Tops,tank tops,87
Tops,tops for women,57
Tops,crop tops,41
Tops,white tops,38
Tops,long sleeve tops,36
Tops,plus size tops,34
Tops,nike high tops,30
Jeans,black jeans,100
Jeans,mens jeans,86
Jeans,blue jeans,82
Jeans,womens jeans,70
Jeans,men jeans,64
Jeans,straight jeans,51
Jeans,skinny jeans,50
Jeans,denim jeans,49
Jeans,white jeans,43
Jeans,levi jeans,38
T-shirts,shirts,100
T-shirts,t shirts,50
T-shirts,t-shirts custom,35
T-shirts,t shirt,33
T-shirts,t-shirt,33
T-shirts,mens t-shirts,33
T-shirts,long sleeve t-shirts,31
T-shirts,best t-shirts,22
T-shirts,vintage t-shirts,21
T-shirts,cotton t-shirts,20
Polo,ralph lauren polo,100
Polo,polo ralph,99
Polo,ralph lauren,98
Polo,polo shirt,84
Polo,polo shirts,60
Polo,mens polo,39
Polo,black polo,22
Polo,sweater polo,22
Polo,long sleeve polo,20
Polo,white polo,18
Pants,cargo,100
Pants,cargo pants,99
Pants,black pants,80
Pants,mens pants,73
Pants,dress pants,61
Pants,men pants,54
Pants,womens pants,51
Pants,white pants,39
Pants,work pants,26
Pants,green pants,25
Tanks,helium tanks,100
Tanks,tank top,21
Tanks,helium tank,18
Tanks,helium tanks near me,14
Tanks,mens tanks,14
Tanks,world of tanks,13
Tanks,dunk tanks,11
Tanks,ribbed tanks,9
Tanks,tanks for sale,9
Tanks,lululemon tanks,8
Shorts,mens shorts,100
Shorts,youtube shorts,98
Shorts,nike shorts,83
Shorts,black shorts,65
Shorts,men shorts,64
Shorts,women shorts,57
Shorts,womens shorts,52
Shorts,white shorts,49
Shorts,short shorts,41
Shorts,jean shorts,39
Joggers,mens joggers,100
Joggers,joggers pants,96
Joggers,pants,95
Joggers,nike joggers,89
Joggers,womens joggers,67
Joggers,men joggers,50
Joggers,women joggers,44
Joggers,black joggers,39
Joggers,sweatpants,37
Joggers,sweatpants joggers,37
Sweaters,sweater,100
Sweaters,womens sweaters,66
Sweaters,sweaters women,60
Sweaters,mens sweaters,45
Sweaters,fall sweaters,44
Sweaters,cardigan,36
Sweaters,cardigan sweaters,36
Sweaters,sweaters for women,34
Sweaters,sweaters men,31
Sweaters,long sweaters,23
Jackets,jacket,100
Jackets,mens jackets,50
Jackets,women jackets,42
Jackets,womens jackets,40
Jackets,jackets men,37
Jackets,winter jackets,37
Jackets,leather jackets,32
Jackets,fall jackets,24
Jackets,rain jackets,23
Jackets,jackets for women,22
Sweatshirts,sweatshirt,100
Sweatshirts,womens sweatshirts,49
Sweatshirts,women sweatshirts,46
Sweatshirts,mens sweatshirts,40
Sweatshirts,nike sweatshirts,39
Sweatshirts,hoodies,35
Sweatshirts,sweatshirts for women,31
Sweatshirts,shirts,30
Sweatshirts,men sweatshirts,29
Sweatshirts,halloween sweatshirts,26
Sweatpants,sweatpants nike,100
Sweatpants,pants,55
Sweatpants,mens sweatpants,52
Sweatpants,grey sweatpants,46
Sweatpants,black sweatpants,41
Sweatpants,sweatpants men,36
Sweatpants,sweatpants women,31
Sweatpants,womens sweatpants,29
Sweatpants,white sweatpants,23
Sweatpants,wide leg sweatpants,22
hoodies,hoodie,100
hoodies,hoodies men,49
hoodies,mens hoodies,43
hoodies,nike hoodies,36
hoodies,hoodies for men,28
hoodies,women hoodies,26
hoodies,zip up hoodies,26
hoodies,black hoodies,23
hoodies,graphic hoodies,19
hoodies,womens hoodies,17
underwear,mens underwear,100
underwear,underwear men,84
underwear,women underwear,74
underwear,best underwear,60
underwear,cotton underwear,51
underwear,womens underwear,40
underwear,calvin klein underwear,38
underwear,calvin klein,37
underwear,period underwear,37
underwear,psd,34
socks,compression socks,100
socks,nike socks,50
socks,mens socks,33
socks,best socks,32
socks,white socks,31
socks,ankle socks,24
socks,black socks,24
socks,crew socks,22
socks,womens socks,21
socks,dress socks,17
